first_name,Gender,Adress,Marks,Hobbies
Jennie,F,273 Sage Road,64,Suspendisse potenti.
Mildred,F,9339 Clarendon Alley,64,In sagittis dui vel nisl.
Jakie,M,7381 Macpherson Street,65,In hac habitasse platea dictumst.
Allyce,F,36447 Gerald Circle,67,In hac habitasse platea dictumst.
Reynold,M,0008 Darwin Terrace,68,Duis aliquam convallis nunc.
Licha,F,127 Prairieview Court,68,Pellentesque eget nunc.
Rudd,M,669 Fieldstone Court,74,"Donec odio justo, sollicitudin ut, suscipit a, feugiat et, eros."
Gerhardt,M,0 Hazelcrest Crossing,66,Vivamus in felis eu sapien cursus vestibulum.
Kylie,F,868 Spohn Hill,76,Nulla ac enim.
Morgen,M,5 Carpenter Hill,64,"Morbi vestibulum, velit id pretium iaculis, diam erat fermentum justo, nec condimentum neque sapien placerat ante."
Aldus,M,74496 Florence Center,77,In hac habitasse platea dictumst.
Catherina,F,457 Waxwing Park,64,Phasellus in felis.
Frederick,M,89 Johnson Alley,69,Cras pellentesque volutpat dui.
Bastien,M,42 Lakeland Drive,67,"Lorem ipsum dolor sit amet, consectetuer adipiscing elit."
Marion,F,7 Elmside Pass,69,Integer a nibh.
Crystie,F,1362 Acker Hill,53,"Mauris enim leo, rhoncus sed, vestibulum sit amet, cursus id, turpis."
Bryce,M,70948 Paget Plaza,62,Nullam molestie nibh in lectus.
Matthiew,M,4992 Orin Hill,73,Vivamus vel nulla eget eros elementum pellentesque.
Jed,M,1 Oxford Junction,68,Curabitur in libero ut massa volutpat convallis.
Vanda,F,593 Eastwood Way,69,Duis at velit eu est congue elementum.
Micheline,F,6538 West Way,67,Suspendisse potenti.
Stephi,F,035 Fulton Avenue,74,Integer a nibh.
Consuela,F,613 Commercial Avenue,75,Vestibulum ante ipsum primis in faucibus orci luctus et ultrices posuere cubilia Curae; Nulla dapibus dolor vel est.
Wilton,M,50 Crescent Oaks Trail,69,"Lorem ipsum dolor sit amet, consectetuer adipiscing elit."
Culley,M,0 Petterle Trail,64,Vivamus vestibulum sagittis sapien.
Calida,F,1 Browning Road,72,Nulla ac enim.
Lazare,M,032 Oakridge Drive,72,Proin eu mi.
Melly,F,824 Crest Line Way,70,"Donec odio justo, sollicitudin ut, suscipit a, feugiat et, eros."
Irv,M,30 Dixon Trail,64,Nunc purus.
Kimberlee,F,85 Waubesa Hill,65,Donec ut mauris eget massa tempor convallis.
Bo,M,07485 Norway Maple Place,68,"Lorem ipsum dolor sit amet, consectetuer adipiscing elit."
Victoria,F,7215 Carpenter Road,70,Morbi vel lectus in quam fringilla rhoncus.
Jillayne,F,041 Anzinger Place,74,"Fusce lacus purus, aliquet at, feugiat non, pretium quis, lectus."
Geno,M,36840 West Court,78,Praesent lectus.
Wiley,M,310 Columbus Drive,67,Integer a nibh.
Corina,F,328 Carberry Park,71,Nulla nisl.
Melvyn,M,230 East Crossing,73,Ut tellus.
Conroy,M,53 Vidon Parkway,64,Nulla ut erat id mauris vulputate elementum.
Roland,M,61675 Maple Park,66,Nulla tempus.
Lemar,M,3374 Sachs Street,65,Praesent lectus.
Fiann,F,9459 Linden Crossing,78,Nulla ut erat id mauris vulputate elementum.
Ferdinanda,F,93 Eagle Crest Junction,63,Praesent lectus.
Lilias,F,85 Canary Drive,77,Vestibulum sed magna at nunc commodo placerat.
Garrek,M,0 Hallows Hill,54,Maecenas rhoncus aliquam lacus.
Gerhardt,M,1 South Way,77,Vestibulum rutrum rutrum neque.
Bastian,M,977 Stoughton Trail,77,Vestibulum sed magna at nunc commodo placerat.
Dulci,F,5 Carberry Park,70,Morbi non lectus.
Bessie,F,6797 Bellgrove Road,73,Cras non velit nec nisi vulputate nonummy.
Shawna,F,97 Sugar Place,60,"Vestibulum ante ipsum primis in faucibus orci luctus et ultrices posuere cubilia Curae; Donec pharetra, magna vestibulum aliquet ultrices, erat tortor sollicitudin mi, sit amet lobortis sapien sapien non mi."
Peggy,F,237 Roth Alley,69,Aenean sit amet justo.
Ninnetta,F,2 Vermont Circle,61,Pellentesque eget nunc.
Shawnee,F,617 Calypso Park,66,"Fusce congue, diam id ornare imperdiet, sapien urna pretium nisl, ut volutpat sapien arcu sed augue."
Arvin,M,51 Raven Pass,72,"In tempor, turpis nec euismod scelerisque, quam turpis adipiscing lorem, vitae mattis nibh ligula nec sem."
Krista,F,16106 Bultman Alley,71,Morbi quis tortor id nulla ultrices aliquet.
Serene,F,20346 Mariners Cove Junction,67,Integer a nibh.
Trude,F,2 Kings Terrace,73,Pellentesque ultrices mattis odio.
Gilburt,M,16630 Granby Street,67,Aenean auctor gravida sem.
Jedediah,M,782 Sutherland Center,66,Integer non velit.
Madeline,F,151 Meadow Valley Way,71,Quisque ut erat.
Arlie,F,50 Walton Hill,74,Nam tristique tortor eu pede.
Jolie,F,811 Debs Street,72,Nullam porttitor lacus at turpis.
Ross,M,8 Hollow Ridge Court,78,Praesent lectus.
Shana,F,23 Straubel Crossing,73,"Morbi sem mauris, laoreet ut, rhoncus aliquet, pulvinar sed, nisl."
Emmeline,F,5 Columbus Plaza,79,Quisque id justo sit amet sapien dignissim vestibulum.
David,M,87261 Miller Point,67,"Cum sociis natoque penatibus et magnis dis parturient montes, nascetur ridiculus mus."
Emalia,F,7 Nancy Drive,71,Pellentesque at nulla.
Molli,F,8368 Rieder Alley,73,Nam tristique tortor eu pede.
Lester,M,9 Macpherson Plaza,74,"Lorem ipsum dolor sit amet, consectetuer adipiscing elit."
Annamaria,F,827 Oxford Place,76,Integer ac neque.
Marius,M,6548 1st Court,70,"Morbi sem mauris, laoreet ut, rhoncus aliquet, pulvinar sed, nisl."
Sibilla,F,06 Anthes Way,78,Pellentesque ultrices mattis odio.
Briny,F,70568 Duke Crossing,80,Nunc nisl.
Mordy,M,11 Oriole Point,67,"Donec odio justo, sollicitudin ut, suscipit a, feugiat et, eros."
Everett,M,27732 Merchant Junction,68,Nulla ac enim.
Linell,F,449 Jackson Trail,78,Pellentesque eget nunc.
Lynsey,F,50 Grim Court,71,Integer non velit.
Madge,F,2 Bluestem Street,68,Vivamus in felis eu sapien cursus vestibulum.
Em,M,2 Gerald Way,75,"In est risus, auctor sed, tristique in, tempus sit amet, sem."
Gamaliel,M,8854 Forest Parkway,70,Phasellus id sapien in sapien iaculis congue.
Ozzie,M,2154 Loftsgordon Circle,75,Sed ante.
Lura,F,30 Mendota Way,66,Etiam pretium iaculis justo.
Davy,M,7666 Bonner Circle,71,Praesent blandit lacinia erat.
Cindra,F,6882 Kedzie Avenue,69,Vivamus in felis eu sapien cursus vestibulum.
Shelley,F,1 Katie Drive,74,Aliquam erat volutpat.
Eugine,F,60170 Northland Hill,67,Proin interdum mauris non ligula pellentesque ultrices.
Reese,M,722 Gateway Street,76,"Donec odio justo, sollicitudin ut, suscipit a, feugiat et, eros."
Cherish,F,628 Kim Trail,61,Donec posuere metus vitae ipsum.
Pearla,F,1 Messerschmidt Plaza,68,Praesent blandit lacinia erat.
Elsinore,F,945 Arkansas Point,69,Phasellus in felis.
Preston,M,855 Hoepker Center,67,Integer ac neque.
Cordy,M,7 Shasta Parkway,65,Nulla tellus.
Collette,F,84876 Columbus Center,67,Vivamus in felis eu sapien cursus vestibulum.
Trudi,F,2519 Lake View Crossing,75,"Vestibulum quam sapien, varius ut, blandit non, interdum in, ante."
Mersey,F,6 Farwell Park,72,Etiam vel augue.
Fifine,F,2465 Kinsman Terrace,72,Nulla ac enim.
Alexis,F,4 Cody Alley,70,In quis justo.
Danny,M,02241 Tony Court,75,"Cras mi pede, malesuada in, imperdiet et, commodo vulputate, justo."
Nelson,M,0537 Meadow Ridge Junction,66,Mauris lacinia sapien quis libero.
Rikki,M,76 Eagle Crest Avenue,71,Donec dapibus.
Marian,F,89090 Caliangt Trail,78,"Lorem ipsum dolor sit amet, consectetuer adipiscing elit."
Kimberli,F,7 Muir Lane,74,"Cum sociis natoque penatibus et magnis dis parturient montes, nascetur ridiculus mus."
Anabel,F,86726 Surrey Pass,74,Pellentesque at nulla.
Shawn,M,60 Fisk Park,65,Donec semper sapien a libero.
Dalli,M,57606 Barby Parkway,72,Proin at turpis a pede posuere nonummy.
Emlen,M,8 Chinook Crossing,65,Morbi non lectus.
Flynn,M,057 Springs Point,81,Mauris lacinia sapien quis libero.
Wallie,F,71 Spaight Plaza,72,Nulla justo.
Cahra,F,59580 Mcguire Point,71,Sed accumsan felis.
Romy,F,2514 Kings Road,61,Vestibulum ante ipsum primis in faucibus orci luctus et ultrices posuere cubilia Curae; Duis faucibus accumsan odio.
Inez,F,619 Mayer Alley,66,Phasellus sit amet erat.
Carina,F,4057 Dakota Plaza,72,Fusce posuere felis sed lacus.
Hurleigh,M,97 Thackeray Trail,71,"Donec diam neque, vestibulum eget, vulputate ut, ultrices vel, augue."
Pepillo,M,2 Gulseth Avenue,79,Nam dui.
Derrick,M,7 Calypso Circle,72,Curabitur convallis.
Wolfgang,M,6 Golf View Drive,68,Praesent id massa id nisl venenatis lacinia.
Dick,M,62142 Golf View Parkway,75,Donec posuere metus vitae ipsum.
Onfre,M,49404 Everett Plaza,70,Maecenas pulvinar lobortis est.
Earvin,M,6140 Gina Avenue,68,Suspendisse potenti.
Sherye,F,262 Pankratz Crossing,82,Mauris sit amet eros.
Lola,F,9 Hayes Pass,62,Morbi a ipsum.
Cookie,F,9 Monica Hill,67,Nulla mollis molestie lorem.
Yolane,F,5 Pleasure Terrace,66,Nulla nisl.
Gabriello,M,68 Anderson Terrace,74,Duis ac nibh.
Lishe,F,49958 Vera Pass,64,Proin interdum mauris non ligula pellentesque ultrices.
Eugene,M,5 Packers Road,75,Cras pellentesque volutpat dui.
Donielle,F,1747 Village Green Junction,62,Aliquam quis turpis eget elit sodales scelerisque.
Maritsa,F,5 Petterle Crossing,70,"Nullam orci pede, venenatis non, sodales sed, tincidunt eu, felis."
Howey,M,360 Ryan Crossing,70,Sed sagittis.
Cathy,F,846 Esker Parkway,74,Maecenas rhoncus aliquam lacus.
Eduino,M,8847 Burrows Crossing,67,Suspendisse ornare consequat lectus.
Theresina,F,0848 Summer Ridge Court,67,Donec semper sapien a libero.
Kristan,F,102 Dennis Circle,68,Cras non velit nec nisi vulputate nonummy.
Traver,M,358 Bobwhite Park,77,Nunc nisl.
Matilda,F,50 Eagle Crest Street,67,Praesent blandit.
Caril,F,46 Ruskin Place,65,Pellentesque viverra pede ac diam.
Augustin,M,03 Sunnyside Place,70,Curabitur convallis.
Luciano,M,732 Hallows Circle,75,In congue.
Arvy,M,504 Pawling Center,80,Nulla mollis molestie lorem.
Fransisco,M,12 Crownhardt Parkway,78,Duis at velit eu est congue elementum.
Melodee,F,996 Drewry Terrace,63,Proin eu mi.
Jannelle,F,13920 Cottonwood Street,72,Vivamus vestibulum sagittis sapien.
Colene,F,600 Clemons Lane,69,Mauris sit amet eros.
Gratiana,F,50477 Sunbrook Drive,64,"Morbi sem mauris, laoreet ut, rhoncus aliquet, pulvinar sed, nisl."
Syman,M,5 Reindahl Lane,78,Proin interdum mauris non ligula pellentesque ultrices.
Regina,F,0132 Warrior Crossing,68,Donec quis orci eget orci vehicula condimentum.
Tamra,F,13 Anniversary Crossing,68,Aliquam non mauris.
Eustace,M,6205 Golf View Terrace,74,Integer ac neque.
Fidel,M,29 Muir Junction,68,Proin interdum mauris non ligula pellentesque ultrices.
Ed,M,4 Dottie Pass,80,"Quisque arcu libero, rutrum ac, lobortis vel, dapibus at, diam."
Nedda,F,651 Basil Terrace,77,Mauris lacinia sapien quis libero.
Carmencita,F,97625 Onsgard Point,76,Aenean sit amet justo.
Bonnie,F,73850 Rieder Crossing,71,Cras in purus eu magna vulputate luctus.
Harwilll,M,12336 American Ash Point,68,Nullam porttitor lacus at turpis.
Valma,F,1 David Alley,67,Cras in purus eu magna vulputate luctus.
Albina,F,9 Sundown Parkway,65,Ut tellus.
Shandee,F,569 Bultman Place,68,Maecenas rhoncus aliquam lacus.
Vivianne,F,2987 Gulseth Pass,67,Mauris sit amet eros.
Blaine,M,19 6th Point,70,"Quisque arcu libero, rutrum ac, lobortis vel, dapibus at, diam."
Odell,M,65 Goodland Point,69,Etiam faucibus cursus urna.
Aube,M,2 Dryden Crossing,67,Phasellus in felis.
Cthrine,F,2984 Marcy Street,73,Suspendisse accumsan tortor quis turpis.
Mei,F,8172 Bonner Crossing,73,Pellentesque at nulla.
Alfred,M,9883 Reinke Terrace,73,Pellentesque ultrices mattis odio.
Homere,M,28293 Derek Trail,64,Donec semper sapien a libero.
Pegeen,F,196 Onsgard Parkway,74,"Maecenas leo odio, condimentum id, luctus nec, molestie sed, justo."
Arabel,F,83 Bartelt Way,73,In quis justo.
Corie,F,4413 Linden Plaza,68,Suspendisse potenti.
Christel,F,023 Main Hill,70,Nulla ut erat id mauris vulputate elementum.
Chandler,M,84011 Mcbride Road,70,Duis aliquam convallis nunc.
Bonny,F,09 Toban Point,77,Aliquam quis turpis eget elit sodales scelerisque.
Moreen,F,78976 Browning Junction,64,Suspendisse ornare consequat lectus.
Durand,M,431 Burning Wood Road,70,"Integer pede justo, lacinia eget, tincidunt eget, tempus vel, pede."
Tedie,M,7985 Sutherland Pass,70,Nunc rhoncus dui vel sem.
George,F,884 Shopko Court,63,Etiam justo.
Burtie,M,3424 Pearson Crossing,66,"Fusce congue, diam id ornare imperdiet, sapien urna pretium nisl, ut volutpat sapien arcu sed augue."
Otho,M,298 Victoria Lane,69,Vivamus vestibulum sagittis sapien.
Leora,F,874 Brickson Park Terrace,64,Praesent blandit.
Marylee,F,41909 Darwin Parkway,78,Sed vel enim sit amet nunc viverra dapibus.
Tymothy,M,43107 Dixon Drive,71,Morbi vel lectus in quam fringilla rhoncus.
Yves,M,21 Ridgeview Junction,66,Maecenas tincidunt lacus at velit.
Xerxes,M,92 Coolidge Lane,75,"Donec diam neque, vestibulum eget, vulputate ut, ultrices vel, augue."
Caitrin,F,94191 Ridge Oak Terrace,75,Donec dapibus.
Dan,M,816 Claremont Plaza,76,"Morbi vestibulum, velit id pretium iaculis, diam erat fermentum justo, nec condimentum neque sapien placerat ante."
Lee,F,66277 Victoria Alley,65,"Maecenas leo odio, condimentum id, luctus nec, molestie sed, justo."
Annabelle,F,723 5th Pass,66,Suspendisse accumsan tortor quis turpis.
Anica,F,226 Riverside Alley,64,"Vestibulum ante ipsum primis in faucibus orci luctus et ultrices posuere cubilia Curae; Donec pharetra, magna vestibulum aliquet ultrices, erat tortor sollicitudin mi, sit amet lobortis sapien sapien non mi."
Annamaria,F,05062 Kipling Avenue,65,Nam tristique tortor eu pede.
Alric,M,5252 Fairfield Crossing,72,Proin interdum mauris non ligula pellentesque ultrices.
Midge,F,677 Rutledge Parkway,67,Phasellus sit amet erat.
Ginni,F,983 Sloan Court,65,Aenean lectus.
Ado,M,97883 Katie Junction,64,Vivamus vel nulla eget eros elementum pellentesque.
Grant,M,43 Center Place,67,Nam tristique tortor eu pede.
Arlette,F,106 Mayfield Junction,70,"Vestibulum ante ipsum primis in faucibus orci luctus et ultrices posuere cubilia Curae; Donec pharetra, magna vestibulum aliquet ultrices, erat tortor sollicitudin mi, sit amet lobortis sapien sapien non mi."
Whitby,M,51 Eagan Junction,59,"Nam ultrices, libero non mattis pulvinar, nulla pede ullamcorper augue, a suscipit nulla elit ac nulla."
Gordie,M,4 Commercial Pass,71,Nullam varius.
Lewes,M,4 Anhalt Alley,76,Ut tellus.
Melita,F,4244 Sage Road,65,Duis bibendum.
Aube,M,86503 Service Park,80,Nullam porttitor lacus at turpis.
Cher,F,380 Sage Way,69,Nulla tellus.
Annie,F,7335 Lakewood Terrace,63,Praesent lectus.
Mathew,M,0325 Mitchell Lane,71,Sed ante.
Kamillah,F,067 Spenser Place,64,Nulla justo.
Antonius,M,381 Fordem Way,68,Fusce consequat.
Melinde,F,47227 Saint Paul Parkway,72,Maecenas rhoncus aliquam lacus.
Cristian,M,3396 Golf Crossing,63,Vestibulum sed magna at nunc commodo placerat.
Anderea,F,8341 Magdeline Street,76,Aliquam non mauris.
Christel,F,439 Center Terrace,68,Proin risus.
Vivian,F,149 Rutledge Way,68,Morbi ut odio.
Jarret,M,85905 Thompson Place,70,Maecenas tincidunt lacus at velit.
Mabel,F,6 Gale Trail,75,"Cum sociis natoque penatibus et magnis dis parturient montes, nascetur ridiculus mus."
Tammie,F,4469 Pleasure Street,66,"Integer aliquet, massa id lobortis convallis, tortor risus dapibus augue, vel accumsan tellus nisi eu orci."
Harland,M,6 Cody Point,79,Phasellus in felis.
Brittni,F,17661 Green Ridge Street,74,Nulla ac enim.
Brynn,F,49 Mcbride Point,70,Nulla ac enim.
Fedora,F,7 Daystar Circle,72,Maecenas tincidunt lacus at velit.
John,M,79827 Havey Pass,74,"Vivamus metus arcu, adipiscing molestie, hendrerit at, vulputate vitae, nisl."
Boniface,M,7 Forster Crossing,76,"Fusce lacus purus, aliquet at, feugiat non, pretium quis, lectus."
Sinclare,M,3 Farragut Drive,63,Morbi a ipsum.
Garik,M,03174 Starling Alley,70,"Lorem ipsum dolor sit amet, consectetuer adipiscing elit."
Gerladina,F,849 Gina Lane,69,"Donec diam neque, vestibulum eget, vulputate ut, ultrices vel, augue."
Anthea,F,97 Independence Terrace,65,Aliquam quis turpis eget elit sodales scelerisque.
Barnaby,M,02356 Marcy Place,67,Etiam justo.
Cthrine,F,3169 Sullivan Street,67,Suspendisse potenti.
Daryn,F,5 Corry Court,74,Curabitur at ipsum ac tellus semper interdum.
Nicolette,F,4 Waxwing Drive,77,Cras non velit nec nisi vulputate nonummy.
Maureen,F,8571 Sunbrook Alley,69,Nunc rhoncus dui vel sem.
Rayner,M,93 Parkside Circle,74,Nullam varius.
Simona,F,0671 Algoma Avenue,78,Nulla nisl.
Violette,F,7 Magdeline Terrace,74,Suspendisse potenti.
Richard,M,2 Anthes Parkway,73,Vivamus tortor.
Daron,F,3392 Spenser Place,71,Vestibulum rutrum rutrum neque.
Ingar,M,3363 Burrows Court,68,"Mauris enim leo, rhoncus sed, vestibulum sit amet, cursus id, turpis."
Berkie,M,8246 Laurel Drive,62,Aenean lectus.
Kathy,F,41433 Caliangt Lane,73,Pellentesque eget nunc.
Hedda,F,4531 Glendale Alley,70,"Maecenas leo odio, condimentum id, luctus nec, molestie sed, justo."
Yvon,M,48255 Heffernan Parkway,79,In hac habitasse platea dictumst.
Briggs,M,78781 Warbler Park,70,Suspendisse potenti.
Granville,M,188 Carioca Hill,65,Aliquam quis turpis eget elit sodales scelerisque.
Micky,M,62 Buell Way,71,Aenean lectus.
Diann,F,10 Emmet Junction,76,Integer ac leo.
Shandee,F,5 Golden Leaf Street,68,Duis bibendum.
Claudie,F,5882 Maywood Way,62,Sed accumsan felis.
Andriette,F,22 Raven Trail,66,Quisque id justo sit amet sapien dignissim vestibulum.
Ronnie,F,8 Cherokee Plaza,75,Morbi non quam nec dui luctus rutrum.
Linnea,F,75 Daystar Pass,80,Duis aliquam convallis nunc.
Francisco,M,03 Northridge Alley,76,Maecenas rhoncus aliquam lacus.
Trefor,M,6932 School Parkway,72,Sed vel enim sit amet nunc viverra dapibus.
Jason,M,25474 Anhalt Lane,67,Phasellus sit amet erat.
Lucila,F,8693 Trailsway Park,72,Curabitur in libero ut massa volutpat convallis.
Jerald,M,21 Ryan Plaza,71,Vestibulum rutrum rutrum neque.
Kimberly,F,236 Anthes Way,64,Nullam porttitor lacus at turpis.
Deny,F,4543 Ridge Oak Lane,65,Nulla facilisi.
Krystyna,F,455 Ludington Drive,75,Pellentesque viverra pede ac diam.
Tammi,F,4 Hagan Court,74,Morbi non quam nec dui luctus rutrum.
Clifford,M,6466 Columbus Drive,76,Duis ac nibh.
Tanhya,F,16430 Garrison Avenue,65,"Cras mi pede, malesuada in, imperdiet et, commodo vulputate, justo."
Chrisse,M,564 Banding Hill,77,Cras non velit nec nisi vulputate nonummy.
Rollin,M,52 Golf Course Parkway,68,"Nam ultrices, libero non mattis pulvinar, nulla pede ullamcorper augue, a suscipit nulla elit ac nulla."
Aryn,F,1148 Longview Terrace,63,In quis justo.
Marielle,F,5699 Westerfield Terrace,66,Aenean lectus.
Devora,F,41 Eastlawn Road,68,Vivamus vestibulum sagittis sapien.
Sheeree,F,82788 Southridge Court,71,Nam nulla.
Gay,M,4 Hazelcrest Lane,78,In congue.
Arman,M,40956 Vahlen Circle,68,Sed vel enim sit amet nunc viverra dapibus.
Urson,M,7347 Annamark Place,65,"Vestibulum quam sapien, varius ut, blandit non, interdum in, ante."
Bent,M,25 Melrose Circle,64,Nulla justo.
Britt,M,769 Jackson Place,81,Nulla justo.
Joela,F,486 Logan Avenue,72,Phasellus id sapien in sapien iaculis congue.
Pierson,M,0392 Westerfield Junction,68,Integer non velit.
Bekki,F,41 Vernon Pass,64,In hac habitasse platea dictumst.
Hamnet,M,30 Glendale Trail,66,"Fusce congue, diam id ornare imperdiet, sapien urna pretium nisl, ut volutpat sapien arcu sed augue."
Bert,M,572 Magdeline Drive,65,Duis ac nibh.
Marin,F,111 Barby Court,64,Donec ut dolor.
Yvor,M,6 Coolidge Parkway,70,Vestibulum ac est lacinia nisi venenatis tristique.
Matt,M,33235 Bobwhite Point,68,Aenean auctor gravida sem.
Suzanna,F,56 Kennedy Drive,64,Integer a nibh.
Leshia,F,331 Forster Road,81,Donec semper sapien a libero.
Dionisio,M,853 Vidon Crossing,73,Donec semper sapien a libero.
Ode,M,6454 Lunder Circle,81,Cras non velit nec nisi vulputate nonummy.
Hilda,F,07883 Rowland Trail,66,Sed vel enim sit amet nunc viverra dapibus.
Lucias,M,69226 Aberg Street,72,Morbi non quam nec dui luctus rutrum.
Ashley,F,82 Hovde Pass,69,Maecenas pulvinar lobortis est.
Annemarie,F,393 Anthes Alley,69,Morbi quis tortor id nulla ultrices aliquet.
Kermy,M,02 Golf Course Road,68,Curabitur gravida nisi at nibh.
Luci,F,251 Marcy Street,70,Cras non velit nec nisi vulputate nonummy.
Abbe,F,00 Amoth Circle,71,Suspendisse ornare consequat lectus.
Thalia,F,9661 Mallard Crossing,70,Nunc nisl.
Lucian,M,0 Moland Pass,67,Mauris lacinia sapien quis libero.
Obed,M,6624 Sage Terrace,63,Quisque id justo sit amet sapien dignissim vestibulum.
Shay,M,223 Reindahl Point,65,Donec vitae nisi.
Alina,F,50190 1st Junction,64,Maecenas pulvinar lobortis est.
Tull,M,52832 Kedzie Parkway,78,Nulla suscipit ligula in lacus.
Estel,F,3 Hazelcrest Circle,72,Cras non velit nec nisi vulputate nonummy.
Diego,M,31056 Browning Circle,72,Duis aliquam convallis nunc.
Karel,F,11896 Hoepker Court,67,Integer tincidunt ante vel ipsum.
Yale,M,5 Bluestem Plaza,65,Vestibulum ante ipsum primis in faucibus orci luctus et ultrices posuere cubilia Curae; Duis faucibus accumsan odio.
Brocky,M,3 Westridge Way,79,Cras pellentesque volutpat dui.
Sybil,F,11469 Gateway Junction,65,Phasellus sit amet erat.
Moise,M,254 Amoth Drive,77,In blandit ultrices enim.
Bevan,M,673 Alpine Way,78,Vestibulum ante ipsum primis in faucibus orci luctus et ultrices posuere cubilia Curae; Mauris viverra diam vitae quam.
Ives,M,25 Shopko Trail,69,"Vestibulum quam sapien, varius ut, blandit non, interdum in, ante."
Nikola,M,51061 Hagan Road,68,Aenean sit amet justo.
Wang,M,00 Fairview Parkway,72,"Morbi sem mauris, laoreet ut, rhoncus aliquet, pulvinar sed, nisl."
Christel,F,9 Macpherson Pass,73,"Donec diam neque, vestibulum eget, vulputate ut, ultrices vel, augue."
Wilt,M,48845 Hauk Lane,67,Cras pellentesque volutpat dui.
Esme,M,83 Fallview Circle,71,Pellentesque viverra pede ac diam.
Tyler,M,93681 Kinsman Place,74,Fusce consequat.
Allix,F,3 Straubel Way,74,Proin eu mi.
Myrlene,F,0 Shelley Court,67,Nulla suscipit ligula in lacus.
Mort,M,4800 Tomscot Hill,67,"Lorem ipsum dolor sit amet, consectetuer adipiscing elit."
Nikos,M,56 Knutson Junction,71,Etiam justo.
Emiline,F,78 Susan Park,66,Fusce consequat.
Fidelio,M,0 Maryland Avenue,75,"Donec odio justo, sollicitudin ut, suscipit a, feugiat et, eros."
Dacey,F,777 Lindbergh Parkway,65,"Mauris enim leo, rhoncus sed, vestibulum sit amet, cursus id, turpis."
Carol-jean,F,16925 Mcguire Drive,78,"Proin leo odio, porttitor id, consequat in, consequat ut, nulla."
Aurilia,F,7 Lakeland Circle,65,Ut tellus.
Ninon,F,1266 Stang Drive,66,Integer a nibh.
Maire,F,9 Daystar Center,81,"Morbi odio odio, elementum eu, interdum eu, tincidunt in, leo."
Trever,M,644 Oriole Street,68,Suspendisse potenti.
Douglas,M,42 Basil Parkway,74,"Cras mi pede, malesuada in, imperdiet et, commodo vulputate, justo."
Allyn,F,22 Macpherson Lane,65,"Lorem ipsum dolor sit amet, consectetuer adipiscing elit."
Tomasine,F,05790 Holmberg Road,65,"Lorem ipsum dolor sit amet, consectetuer adipiscing elit."
Anabal,F,00 Maryland Place,61,Suspendisse accumsan tortor quis turpis.
Eugenio,M,26484 Bunting Plaza,71,Vivamus in felis eu sapien cursus vestibulum.
Pedro,M,2330 Stuart Crossing,73,Maecenas rhoncus aliquam lacus.
Dolf,M,27 Burning Wood Lane,73,"Fusce lacus purus, aliquet at, feugiat non, pretium quis, lectus."
Sherman,M,4475 Basil Center,67,Morbi porttitor lorem id ligula.
Jeanne,F,29 Morning Road,72,Integer a nibh.
Kit,M,4487 Dawn Drive,67,Maecenas pulvinar lobortis est.
Pooh,F,082 Hauk Place,73,"Vivamus metus arcu, adipiscing molestie, hendrerit at, vulputate vitae, nisl."
Jennee,F,1113 Chive Terrace,72,Aliquam quis turpis eget elit sodales scelerisque.
Joletta,F,5 Little Fleur Plaza,78,Mauris sit amet eros.
Olva,F,3 Beilfuss Court,66,Proin eu mi.
Mischa,M,325 Fordem Road,69,Mauris ullamcorper purus sit amet nulla.
Swen,M,91 Tony Lane,73,Vivamus tortor.
Clerkclaude,M,5 Bobwhite Hill,65,Duis consequat dui nec nisi volutpat eleifend.
Reagen,M,31 Walton Terrace,64,Integer ac leo.
Dewey,M,9 Mesta Junction,71,Etiam faucibus cursus urna.
Tristam,M,812 Dovetail Junction,73,"Cum sociis natoque penatibus et magnis dis parturient montes, nascetur ridiculus mus."
Rebeca,F,56 Green Ridge Court,72,Morbi quis tortor id nulla ultrices aliquet.
Andres,M,95 Fairfield Hill,76,Duis consequat dui nec nisi volutpat eleifend.
Emmalynn,F,70 Armistice Way,77,Nulla tempus.
Lars,M,1 Marquette Terrace,66,Nam tristique tortor eu pede.
Bobina,F,41 Division Point,72,Duis ac nibh.
Talyah,F,57217 East Way,80,Quisque porta volutpat erat.
Deloris,F,72 Elgar Street,68,Integer a nibh.
Myrah,F,2923 Southridge Way,76,Suspendisse potenti.
Tresa,F,9 Sauthoff Center,66,Nulla mollis molestie lorem.
Rodney,M,112 Glendale Center,66,Aliquam quis turpis eget elit sodales scelerisque.
Alix,M,00953 Hooker Lane,64,Duis aliquam convallis nunc.
Issy,F,06229 Bayside Plaza,71,In hac habitasse platea dictumst.
Sauncho,M,6 Susan Way,63,Cras pellentesque volutpat dui.
Allen,M,203 Reinke Place,75,In hac habitasse platea dictumst.
Hulda,F,63695 Lerdahl Point,75,"Nam congue, risus semper porta volutpat, quam pede lobortis ligula, sit amet eleifend pede libero quis orci."
Francine,F,8858 Jenna Street,77,Morbi non lectus.
Bertie,M,180 Mcguire Road,74,Cras pellentesque volutpat dui.
Tull,M,4142 Atwood Court,67,Proin risus.
Susan,F,2 Starling Park,65,Vivamus tortor.
Lianna,F,6 Farmco Drive,72,Nulla tellus.
Emmeline,F,8298 Myrtle Junction,65,Pellentesque at nulla.
Darnall,M,2 Doe Crossing Crossing,63,Nulla suscipit ligula in lacus.
Tersina,F,89 Westport Terrace,77,"Integer pede justo, lacinia eget, tincidunt eget, tempus vel, pede."
Phillis,F,97 Cordelia Court,65,Cras in purus eu magna vulputate luctus.
Lusa,F,06 Susan Road,59,"Cum sociis natoque penatibus et magnis dis parturient montes, nascetur ridiculus mus."
Osmund,M,093 Mcbride Road,73,Aliquam sit amet diam in magna bibendum imperdiet.
Giraldo,M,984 Carberry Way,64,Donec quis orci eget orci vehicula condimentum.
Tan,M,53655 Meadow Vale Street,67,Aenean lectus.
Yanaton,M,55103 Dexter Way,77,Pellentesque at nulla.
Idette,F,43 Claremont Place,73,"Fusce lacus purus, aliquet at, feugiat non, pretium quis, lectus."
Elli,F,3917 Duke Place,65,In eleifend quam a odio.
Courtney,F,51392 Gulseth Road,76,"Aliquam augue quam, sollicitudin vitae, consectetuer eget, rutrum at, lorem."
Glori,F,606 Towne Park,65,"Vivamus metus arcu, adipiscing molestie, hendrerit at, vulputate vitae, nisl."
Nerissa,F,91510 American Ash Junction,65,Phasellus id sapien in sapien iaculis congue.
Birgit,F,1611 Homewood Parkway,72,Morbi non quam nec dui luctus rutrum.
Quintin,M,363 Division Way,74,"Vivamus metus arcu, adipiscing molestie, hendrerit at, vulputate vitae, nisl."
Julie,F,5669 Cascade Hill,74,Vestibulum sed magna at nunc commodo placerat.
Eve,F,55370 Anniversary Terrace,76,"Integer pede justo, lacinia eget, tincidunt eget, tempus vel, pede."
Danny,M,30 School Way,74,Vivamus tortor.
Ameline,F,49027 Lakewood Gardens Court,81,Duis mattis egestas metus.
Dierdre,F,627 Pearson Crossing,74,Maecenas tincidunt lacus at velit.
Carlin,F,98 Russell Avenue,67,"Duis bibendum, felis sed interdum venenatis, turpis enim blandit mi, in porttitor pede justo eu massa."
Marijo,F,84461 Menomonie Hill,71,Donec vitae nisi.
Avram,M,20814 Huxley Alley,68,Praesent blandit lacinia erat.
Danny,M,4 Hagan Park,86,"Nam congue, risus semper porta volutpat, quam pede lobortis ligula, sit amet eleifend pede libero quis orci."
Gaby,F,1 Old Shore Park,70,Sed sagittis.
Mace,M,732 Elmside Way,69,Aliquam sit amet diam in magna bibendum imperdiet.
Ignacio,M,76774 East Lane,68,Quisque id justo sit amet sapien dignissim vestibulum.
Farlee,M,9 Roxbury Terrace,76,"Nulla neque libero, convallis eget, eleifend luctus, ultricies eu, nibh."
Eugenio,M,69765 School Center,71,"Fusce congue, diam id ornare imperdiet, sapien urna pretium nisl, ut volutpat sapien arcu sed augue."
Datha,F,5367 Rockefeller Crossing,67,Aliquam quis turpis eget elit sodales scelerisque.
Marietta,M,5 Jay Drive,76,Suspendisse potenti.
Alene,F,8837 Brown Alley,64,In hac habitasse platea dictumst.
Allissa,F,58861 Rowland Lane,62,"Quisque erat eros, viverra eget, congue eget, semper rutrum, nulla."
Morganne,F,1 Fisk Lane,71,Praesent blandit.
Olin,M,04 Surrey Drive,75,Morbi ut odio.
Quinn,F,0 Warrior Road,68,In eleifend quam a odio.
Kip,M,638 Lindbergh Way,71,Duis at velit eu est congue elementum.
Ive,M,776 International Crossing,75,Aenean auctor gravida sem.
Nanete,F,21661 Talmadge Crossing,71,Phasellus in felis.
Norah,F,95075 Monument Road,75,Aenean auctor gravida sem.
Shina,F,9 Northfield Parkway,68,Aenean lectus.
Rees,M,3290 Kropf Street,74,Vestibulum ante ipsum primis in faucibus orci luctus et ultrices posuere cubilia Curae; Mauris viverra diam vitae quam.
Willard,M,99220 Bayside Pass,70,Etiam faucibus cursus urna.
Dominic,M,87732 Summer Ridge Junction,75,Aenean sit amet justo.
Wainwright,M,98 Prentice Place,74,Donec dapibus.
Teodorico,M,78164 Brickson Park Terrace,74,Nulla nisl.
Hilario,M,34 Portage Terrace,75,Integer ac leo.
Evered,M,26874 Utah Court,74,Nullam sit amet turpis elementum ligula vehicula consequat.
Lief,M,0412 Towne Pass,65,In hac habitasse platea dictumst.
Cordell,M,4653 Golf Course Circle,76,Nulla facilisi.
Jannelle,F,71311 Jenna Street,74,"Donec diam neque, vestibulum eget, vulputate ut, ultrices vel, augue."
Idell,F,783 Twin Pines Center,79,"Vestibulum ante ipsum primis in faucibus orci luctus et ultrices posuere cubilia Curae; Donec pharetra, magna vestibulum aliquet ultrices, erat tortor sollicitudin mi, sit amet lobortis sapien sapien non mi."
Luigi,M,45 Grayhawk Plaza,69,Maecenas tincidunt lacus at velit.
Yoshi,F,9 Doe Crossing Street,69,Vivamus tortor.
Sibella,F,6 Northridge Road,68,Sed vel enim sit amet nunc viverra dapibus.
Boniface,M,64 Troy Court,77,Nunc nisl.
Rosalyn,F,65699 Autumn Leaf Alley,66,Aenean auctor gravida sem.
Dyna,F,296 Rieder Road,71,Suspendisse accumsan tortor quis turpis.
Ewen,M,5089 Fallview Center,81,Mauris ullamcorper purus sit amet nulla.
Yovonnda,F,784 Monument Crossing,71,"Integer pede justo, lacinia eget, tincidunt eget, tempus vel, pede."
Raviv,M,9 Barby Drive,74,In sagittis dui vel nisl.
Ulrich,M,2 Surrey Pass,69,Morbi a ipsum.
Joline,F,09751 Maple Wood Alley,68,Integer a nibh.
Jerrold,M,031 Brentwood Plaza,72,Proin risus.
Vincent,M,3566 Main Junction,68,Cras pellentesque volutpat dui.
Elysee,F,0 Eliot Parkway,72,"Fusce lacus purus, aliquet at, feugiat non, pretium quis, lectus."
Roseanne,F,34 Vera Street,69,Etiam vel augue.
Charissa,F,8 3rd Alley,61,"Duis bibendum, felis sed interdum venenatis, turpis enim blandit mi, in porttitor pede justo eu massa."
Terrel,M,76 Milwaukee Center,63,Nullam varius.
Francisco,M,79 Golf Course Parkway,64,Donec dapibus.
Calhoun,M,32713 Onsgard Pass,73,Aliquam quis turpis eget elit sodales scelerisque.
Edita,F,8 Ruskin Crossing,59,Aliquam erat volutpat.
Krissie,F,21 Harper Road,70,Phasellus sit amet erat.
Beaufort,M,5 Jana Road,72,"Vestibulum quam sapien, varius ut, blandit non, interdum in, ante."
Gregoire,M,8 Cherokee Parkway,67,"Morbi sem mauris, laoreet ut, rhoncus aliquet, pulvinar sed, nisl."
Boigie,M,6 Caliangt Terrace,69,Aenean lectus.
Melisa,F,94760 Cardinal Park,72,"Nullam orci pede, venenatis non, sodales sed, tincidunt eu, felis."
Elysia,F,2472 Macpherson Way,63,Praesent id massa id nisl venenatis lacinia.
Lucias,M,7 Monument Point,78,"Lorem ipsum dolor sit amet, consectetuer adipiscing elit."
Bab,F,818 Thompson Hill,69,Nunc rhoncus dui vel sem.
Jehanna,F,7 Glacier Hill Terrace,74,Donec dapibus.
Philbert,M,878 Stoughton Way,80,Integer ac leo.
Marten,M,21 Crescent Oaks Plaza,80,Integer ac leo.
Glen,F,4 Hovde Park,76,Aenean auctor gravida sem.
Brook,M,0 Blaine Terrace,66,Suspendisse potenti.
Sybille,F,316 Maple Wood Circle,67,Nulla mollis molestie lorem.
Melba,F,6636 Caliangt Lane,70,"Cum sociis natoque penatibus et magnis dis parturient montes, nascetur ridiculus mus."
Ash,M,7697 Messerschmidt Junction,71,Praesent id massa id nisl venenatis lacinia.
Christen,F,94 Corben Circle,69,Morbi quis tortor id nulla ultrices aliquet.
Diane-marie,F,20 Atwood Place,64,Donec vitae nisi.
Rex,M,22924 Hollow Ridge Drive,65,"Lorem ipsum dolor sit amet, consectetuer adipiscing elit."
Dorian,F,64161 Dottie Park,73,Nullam porttitor lacus at turpis.
Misha,F,2713 Kensington Court,70,Suspendisse potenti.
Caterina,F,2879 Hoepker Trail,59,In quis justo.
Debera,F,500 Kim Alley,75,"Maecenas tristique, est et tempus semper, est quam pharetra magna, ac consequat metus sapien ut nunc."
Monte,M,37987 Luster Crossing,68,Donec vitae nisi.
Britni,F,2290 Hintze Place,72,Nullam varius.
Vernen,M,2003 Mandrake Crossing,75,Maecenas rhoncus aliquam lacus.
Yvon,M,1 Washington Hill,68,Nulla justo.
Lou,M,65062 Novick Drive,65,Duis mattis egestas metus.
Georgi,M,506 8th Drive,69,Proin interdum mauris non ligula pellentesque ultrices.
Janina,F,05 Helena Circle,74,Nullam porttitor lacus at turpis.
Dominick,M,8536 Logan Center,81,Aenean fermentum.
Leanna,F,106 Vahlen Terrace,68,"Morbi sem mauris, laoreet ut, rhoncus aliquet, pulvinar sed, nisl."
Hedy,F,4640 Sheridan Plaza,81,Donec quis orci eget orci vehicula condimentum.
Vick,M,3340 Moulton Road,66,Donec ut dolor.
Cordi,F,254 Northport Center,63,Quisque id justo sit amet sapien dignissim vestibulum.
Valentine,M,0482 Westport Parkway,78,Vestibulum sed magna at nunc commodo placerat.
Shadow,M,84391 David Pass,72,Donec ut dolor.
Mattie,F,83375 Portage Lane,70,"Proin leo odio, porttitor id, consequat in, consequat ut, nulla."
Orelee,F,1 Eastwood Court,69,"Morbi sem mauris, laoreet ut, rhoncus aliquet, pulvinar sed, nisl."
Maurice,M,4192 Luster Place,55,Donec ut mauris eget massa tempor convallis.
Juanita,F,1 Saint Paul Way,74,Aenean auctor gravida sem.
Helli,F,7 Westend Crossing,72,Praesent blandit lacinia erat.
Hamilton,M,601 Golf View Alley,65,Quisque id justo sit amet sapien dignissim vestibulum.
Carlyle,M,65644 Pleasure Road,65,Cras in purus eu magna vulputate luctus.
Dion,F,6 Jenna Street,64,Vivamus tortor.
Robinet,M,1579 Pond Crossing,67,Ut tellus.
Karlie,F,56679 Fremont Point,74,Morbi non quam nec dui luctus rutrum.
Delaney,M,3 American Terrace,74,Aenean sit amet justo.
Waverly,M,30 Di Loreto Drive,58,Morbi vel lectus in quam fringilla rhoncus.
Beverly,F,60 Pearson Lane,64,Vestibulum ante ipsum primis in faucibus orci luctus et ultrices posuere cubilia Curae; Mauris viverra diam vitae quam.
Beulah,F,5736 Rowland Junction,78,Praesent lectus.
Greg,M,6 Pennsylvania Parkway,62,Aliquam quis turpis eget elit sodales scelerisque.
Quintina,F,6491 Bellgrove Terrace,72,In hac habitasse platea dictumst.
Beauregard,M,6142 Mockingbird Pass,77,"Morbi odio odio, elementum eu, interdum eu, tincidunt in, leo."
Jasun,M,4902 Merchant Road,69,"Integer aliquet, massa id lobortis convallis, tortor risus dapibus augue, vel accumsan tellus nisi eu orci."
Cornelia,F,86143 Mesta Hill,63,"Nulla neque libero, convallis eget, eleifend luctus, ultricies eu, nibh."
Faye,F,1428 Kenwood Junction,65,In hac habitasse platea dictumst.
Glenna,F,774 Stuart Road,78,In quis justo.
Sax,M,511 Sauthoff Terrace,67,"Quisque erat eros, viverra eget, congue eget, semper rutrum, nulla."
Marv,M,30956 Shopko Plaza,79,Sed ante.
Arley,M,49795 Delaware Parkway,73,Integer ac neque.
Kelila,F,925 Jana Street,63,Integer ac leo.
Stefa,F,563 Village Green Place,73,Mauris sit amet eros.
Nerte,F,2162 Fallview Crossing,67,Sed sagittis.
Ferd,M,05 Judy Avenue,66,Proin at turpis a pede posuere nonummy.
Herb,M,54740 Independence Center,70,"Cum sociis natoque penatibus et magnis dis parturient montes, nascetur ridiculus mus."
Alisander,M,8 Tennessee Court,67,"Integer pede justo, lacinia eget, tincidunt eget, tempus vel, pede."
Daryle,M,1 Mesta Alley,72,Nam nulla.
Kerwin,M,6573 Manufacturers Road,72,Integer ac neque.
Maritsa,F,2 Lerdahl Terrace,67,Mauris ullamcorper purus sit amet nulla.
Kalli,F,8820 School Parkway,70,"Lorem ipsum dolor sit amet, consectetuer adipiscing elit."
Llywellyn,M,009 Pankratz Place,66,"Quisque arcu libero, rutrum ac, lobortis vel, dapibus at, diam."
Alessandro,M,643 Green Place,62,Nunc nisl.
Robyn,F,3 Merry Parkway,77,Integer a nibh.
Clair,F,5038 Saint Paul Lane,69,"Proin leo odio, porttitor id, consequat in, consequat ut, nulla."
Hamil,M,47902 Fremont Hill,64,Praesent lectus.
Lotty,F,30336 High Crossing Lane,67,Nunc nisl.
Silas,M,08 Rowland Road,67,Nulla nisl.
Davina,F,015 Weeping Birch Terrace,73,"Donec diam neque, vestibulum eget, vulputate ut, ultrices vel, augue."
Maria,F,5792 Monica Road,65,Nullam sit amet turpis elementum ligula vehicula consequat.
Bernetta,F,636 Roth Park,75,Ut at dolor quis odio consequat varius.
Aldridge,M,5 Maryland Center,68,"Quisque arcu libero, rutrum ac, lobortis vel, dapibus at, diam."
Margeaux,F,9 Forest Run Trail,71,"Donec odio justo, sollicitudin ut, suscipit a, feugiat et, eros."
Everard,M,6 Heath Trail,66,Donec vitae nisi.
Lynnet,F,76162 Melby Circle,71,Cras pellentesque volutpat dui.
Berny,F,9215 Valley Edge Crossing,68,Integer non velit.
Jerrylee,F,03 Moose Lane,77,In quis justo.
Zelig,M,7325 Lighthouse Bay Point,72,In hac habitasse platea dictumst.
Maximilien,M,6 Oxford Crossing,71,Aliquam sit amet diam in magna bibendum imperdiet.
Nikkie,F,6 Doe Crossing Circle,65,"Morbi sem mauris, laoreet ut, rhoncus aliquet, pulvinar sed, nisl."
Silvanus,M,35444 Superior Trail,71,Morbi porttitor lorem id ligula.
Cate,F,797 Green Pass,71,Integer non velit.
Vasilis,M,59 Colorado Lane,66,Aliquam non mauris.
Ninnette,F,060 Southridge Junction,72,"Cum sociis natoque penatibus et magnis dis parturient montes, nascetur ridiculus mus."
Cchaddie,M,95451 Weeping Birch Street,66,Donec ut dolor.
Dallon,M,83 Independence Park,71,"Nulla neque libero, convallis eget, eleifend luctus, ultricies eu, nibh."
Kiley,F,8 Nova Junction,56,Morbi a ipsum.
Bartholomew,M,26 Knutson Plaza,75,"Morbi sem mauris, laoreet ut, rhoncus aliquet, pulvinar sed, nisl."
Kerry,F,35783 Memorial Alley,70,Nulla tellus.
Jimmie,M,89 Clarendon Way,65,Morbi quis tortor id nulla ultrices aliquet.
Dorey,M,3 Mayfield Park,72,"Duis bibendum, felis sed interdum venenatis, turpis enim blandit mi, in porttitor pede justo eu massa."
Aloisia,F,98956 Delladonna Center,69,"In est risus, auctor sed, tristique in, tempus sit amet, sem."
Susann,F,7 Clove Center,73,Duis consequat dui nec nisi volutpat eleifend.
Orlando,M,680 Lukken Junction,70,Duis at velit eu est congue elementum.
Sloan,M,972 Cherokee Street,73,Cras in purus eu magna vulputate luctus.
Max,M,4 Little Fleur Parkway,64,Aenean fermentum.
Ozzy,M,58234 Twin Pines Avenue,68,Donec ut dolor.
Harland,M,5 Blue Bill Park Plaza,73,"In est risus, auctor sed, tristique in, tempus sit amet, sem."
Chrotoem,M,635 Grasskamp Junction,67,Morbi vel lectus in quam fringilla rhoncus.
Kerrill,F,0511 Alpine Lane,77,Nullam porttitor lacus at turpis.
Adler,M,20 Division Drive,72,Aliquam non mauris.
Barnett,M,4 Weeping Birch Hill,69,Donec ut dolor.
Matty,M,73 Petterle Point,71,"Proin leo odio, porttitor id, consequat in, consequat ut, nulla."
Christine,F,9724 Sunfield Center,69,Integer a nibh.
Guntar,M,11727 Bunting Junction,68,Morbi non lectus.
Yorgo,M,5605 Talisman Terrace,71,Donec ut dolor.
Kaela,F,83348 Elmside Park,72,Integer a nibh.
Ingamar,M,2080 La Follette Crossing,70,Aliquam sit amet diam in magna bibendum imperdiet.
Lorrie,M,01651 2nd Park,77,"Fusce congue, diam id ornare imperdiet, sapien urna pretium nisl, ut volutpat sapien arcu sed augue."
Lonna,F,6 Holy Cross Terrace,81,Integer tincidunt ante vel ipsum.
Calhoun,M,5 Fisk Alley,69,Proin interdum mauris non ligula pellentesque ultrices.
Stefan,M,9507 Burning Wood Court,73,"Morbi vestibulum, velit id pretium iaculis, diam erat fermentum justo, nec condimentum neque sapien placerat ante."
Darryl,M,71044 Veith Circle,69,"Nam ultrices, libero non mattis pulvinar, nulla pede ullamcorper augue, a suscipit nulla elit ac nulla."
Drucie,F,31591 3rd Hill,73,Morbi a ipsum.
Josias,M,008 Springs Plaza,68,In hac habitasse platea dictumst.
Phyllis,F,72544 Kenwood Alley,67,Aliquam erat volutpat.
Melantha,F,460 Spenser Junction,68,Cras pellentesque volutpat dui.
Page,M,96 Twin Pines Hill,77,Nullam sit amet turpis elementum ligula vehicula consequat.
Carly,F,87 Arrowood Avenue,63,"Cras mi pede, malesuada in, imperdiet et, commodo vulputate, justo."
Amara,F,396 Oxford Circle,62,Etiam justo.
Redford,M,156 Crescent Oaks Center,74,Pellentesque ultrices mattis odio.
Claribel,F,3 Thierer Alley,72,Vestibulum ante ipsum primis in faucibus orci luctus et ultrices posuere cubilia Curae; Nulla dapibus dolor vel est.
Cherie,F,63935 Dixon Terrace,76,Integer tincidunt ante vel ipsum.
Marcellina,F,76 Hoffman Plaza,75,Mauris sit amet eros.
Forest,M,10 Melby Street,68,Donec quis orci eget orci vehicula condimentum.
Nicko,M,63 Prairie Rose Avenue,70,Phasellus sit amet erat.
Cobb,M,2 Butternut Trail,73,Vestibulum ante ipsum primis in faucibus orci luctus et ultrices posuere cubilia Curae; Mauris viverra diam vitae quam.
Blake,M,2458 Clemons Avenue,76,Cras pellentesque volutpat dui.
Weston,M,8292 Memorial Hill,69,"Morbi vestibulum, velit id pretium iaculis, diam erat fermentum justo, nec condimentum neque sapien placerat ante."
Karoly,M,98 Fairview Trail,72,Phasellus in felis.
Fidelia,F,86 Prentice Parkway,66,Integer tincidunt ante vel ipsum.
Nikolaus,M,5 Hoard Parkway,74,Mauris lacinia sapien quis libero.
Mar,M,46 Surrey Lane,66,Nulla ac enim.
Annaliese,F,3245 Quincy Drive,73,In sagittis dui vel nisl.
Elvera,F,61 Waywood Court,64,"Duis bibendum, felis sed interdum venenatis, turpis enim blandit mi, in porttitor pede justo eu massa."
Meir,M,4657 Golf View Plaza,73,Donec posuere metus vitae ipsum.
Albina,F,899 Upham Point,76,Nulla ac enim.
Tabbatha,F,19390 Delaware Trail,73,Aenean sit amet justo.
Nadia,F,871 Lyons Center,66,In hac habitasse platea dictumst.
Maximo,M,529 Myrtle Park,64,Vestibulum ante ipsum primis in faucibus orci luctus et ultrices posuere cubilia Curae; Duis faucibus accumsan odio.
Nappy,M,32826 Glendale Plaza,71,"Nam congue, risus semper porta volutpat, quam pede lobortis ligula, sit amet eleifend pede libero quis orci."
Renado,M,7464 Superior Place,75,Donec quis orci eget orci vehicula condimentum.
Chen,M,376 Morningstar Pass,64,Proin at turpis a pede posuere nonummy.
Georgia,F,331 Grasskamp Circle,70,Aliquam non mauris.
Ira,M,86 Farmco Plaza,66,Duis bibendum.
Keary,M,8 Division Avenue,67,Donec semper sapien a libero.
Carolann,F,28482 Annamark Drive,67,Nulla ut erat id mauris vulputate elementum.
Federico,M,91 Fieldstone Hill,62,Ut tellus.
Mychal,M,989 Weeping Birch Plaza,69,Nulla nisl.
Rocky,M,86 Sunbrook Street,68,Nam tristique tortor eu pede.
Goldia,F,800 Reinke Trail,62,Morbi vel lectus in quam fringilla rhoncus.
Mathilde,F,82145 Fairview Center,61,Aliquam non mauris.
Maire,F,92993 Butternut Hill,73,In hac habitasse platea dictumst.
Ricardo,M,1 Del Sol Street,72,Suspendisse accumsan tortor quis turpis.
Lemmie,M,66 Armistice Terrace,75,"Vivamus metus arcu, adipiscing molestie, hendrerit at, vulputate vitae, nisl."
Shannon,M,531 Lakewood Gardens Drive,69,Nulla mollis molestie lorem.
Addy,F,853 Glacier Hill Crossing,70,Morbi non quam nec dui luctus rutrum.
Lyon,M,801 Basil Alley,72,Etiam vel augue.
Kristos,M,2 Northridge Parkway,76,Integer non velit.
Bryanty,M,48359 Fulton Junction,71,Vivamus in felis eu sapien cursus vestibulum.
Ruy,M,631 Hovde Drive,69,In quis justo.
Hercules,M,46110 Anthes Street,69,Nunc rhoncus dui vel sem.
Alvis,M,4 Dexter Terrace,70,Nulla nisl.
Eldridge,M,47 Prentice Point,68,In quis justo.
Tadio,M,496 Reinke Plaza,75,Integer ac neque.
Frances,F,6 Golf Course Street,66,In hac habitasse platea dictumst.
Emmy,F,5052 Mayer Plaza,67,Sed vel enim sit amet nunc viverra dapibus.
Pavia,F,6289 Northport Lane,67,Curabitur at ipsum ac tellus semper interdum.
Sonya,F,23308 Lyons Avenue,73,Mauris lacinia sapien quis libero.
Godfrey,M,5036 Everett Street,74,Vivamus tortor.
Nev,M,86163 Anzinger Place,72,"In est risus, auctor sed, tristique in, tempus sit amet, sem."
Alexandr,M,90 Kenwood Plaza,71,Integer ac leo.
Boyd,M,89 Utah Crossing,68,Aenean fermentum.
Shirlene,F,93938 Algoma Pass,76,Aliquam non mauris.
Sibilla,F,7 Becker Place,80,"Vestibulum ante ipsum primis in faucibus orci luctus et ultrices posuere cubilia Curae; Donec pharetra, magna vestibulum aliquet ultrices, erat tortor sollicitudin mi, sit amet lobortis sapien sapien non mi."
Dulsea,F,36531 4th Drive,72,Donec ut dolor.
Mae,F,0 Bashford Crossing,73,Cras pellentesque volutpat dui.
Henrietta,F,23 Oneill Hill,73,Proin interdum mauris non ligula pellentesque ultrices.
Orlan,M,0 Lillian Center,73,"Cum sociis natoque penatibus et magnis dis parturient montes, nascetur ridiculus mus."
Taylor,M,1 Fremont Point,68,"Fusce lacus purus, aliquet at, feugiat non, pretium quis, lectus."
Purcell,M,4 Holmberg Point,67,Morbi non quam nec dui luctus rutrum.
Sammy,M,6393 Lerdahl Road,76,"Cum sociis natoque penatibus et magnis dis parturient montes, nascetur ridiculus mus."
Francesco,M,40 Esker Alley,76,In congue.
Maria,F,95 Lawn Crossing,63,Maecenas tincidunt lacus at velit.
Pattie,F,56341 Briar Crest Center,78,Fusce consequat.
Garrek,M,85 Calypso Point,71,Etiam vel augue.
Lindsy,F,84 Grim Lane,79,Nam dui.
Rebe,F,9048 Evergreen Junction,75,In hac habitasse platea dictumst.
Ulrike,F,17 Birchwood Street,67,Duis aliquam convallis nunc.
Beverie,F,16 Moland Place,64,Nulla mollis molestie lorem.
Shaine,M,17519 Lighthouse Bay Hill,71,Fusce consequat.
Fletcher,M,4 Lake View Road,63,Proin interdum mauris non ligula pellentesque ultrices.
Sibley,F,7 Gerald Crossing,70,Integer ac neque.
Kenny,M,07 Bartillon Drive,73,Duis aliquam convallis nunc.
Tad,M,962 Surrey Pass,71,Fusce posuere felis sed lacus.
Rosemary,F,96450 Commercial Crossing,75,Vestibulum sed magna at nunc commodo placerat.
Porter,M,64 Springview Avenue,72,"Maecenas tristique, est et tempus semper, est quam pharetra magna, ac consequat metus sapien ut nunc."
Sascha,M,6 Lakewood Gardens Circle,65,"Morbi odio odio, elementum eu, interdum eu, tincidunt in, leo."
Marlow,M,1209 Tony Lane,72,Etiam justo.
Randall,M,58 Valley Edge Junction,69,Praesent blandit lacinia erat.
Carmela,F,51 Charing Cross Park,69,Sed sagittis.
Glenna,F,42 Old Shore Plaza,78,"Maecenas tristique, est et tempus semper, est quam pharetra magna, ac consequat metus sapien ut nunc."
Hugibert,M,06310 Colorado Circle,65,Duis mattis egestas metus.
Auroora,F,699 Di Loreto Terrace,71,Praesent id massa id nisl venenatis lacinia.
Kenny,M,3454 Lakewood Place,70,Integer ac leo.
Louis,M,64 Briar Crest Circle,72,Cras non velit nec nisi vulputate nonummy.
Malanie,F,1 Maple Wood Point,68,In congue.
Giacinta,F,8 Dwight Court,75,Quisque id justo sit amet sapien dignissim vestibulum.
Mariana,F,61345 Muir Drive,82,"Nulla neque libero, convallis eget, eleifend luctus, ultricies eu, nibh."
Theo,F,51 Dayton Pass,74,"Aliquam augue quam, sollicitudin vitae, consectetuer eget, rutrum at, lorem."
Meagan,F,9 Melby Hill,74,Maecenas ut massa quis augue luctus tincidunt.
Beale,M,9977 Roth Way,73,Suspendisse accumsan tortor quis turpis.
Garald,M,98809 Hermina Park,75,Nulla mollis molestie lorem.
Peta,F,6926 Valley Edge Terrace,70,"Lorem ipsum dolor sit amet, consectetuer adipiscing elit."
Erminia,F,4 Lillian Way,61,Ut at dolor quis odio consequat varius.
Valeda,F,29 Bashford Pass,72,Sed vel enim sit amet nunc viverra dapibus.
Piper,F,50 Quincy Center,72,Cras non velit nec nisi vulputate nonummy.
Hamlen,M,1448 Esch Point,78,Aliquam erat volutpat.
Elberta,F,9 Morningstar Drive,74,Vestibulum ante ipsum primis in faucibus orci luctus et ultrices posuere cubilia Curae; Nulla dapibus dolor vel est.
Federico,M,734 Kings Park,63,Ut at dolor quis odio consequat varius.
Lucine,F,059 Vahlen Circle,66,Sed ante.
Lil,F,0 Riverside Alley,79,Quisque id justo sit amet sapien dignissim vestibulum.
Robin,M,57 Lyons Way,68,Nulla facilisi.
Truman,M,899 Lyons Crossing,65,Maecenas tincidunt lacus at velit.
Conni,F,806 Mandrake Avenue,75,"Morbi odio odio, elementum eu, interdum eu, tincidunt in, leo."
Corbie,M,9085 Longview Circle,70,"Integer aliquet, massa id lobortis convallis, tortor risus dapibus augue, vel accumsan tellus nisi eu orci."
Fletch,M,7506 Eastlawn Court,77,Nulla suscipit ligula in lacus.
Josy,F,06 Hintze Court,68,"Maecenas tristique, est et tempus semper, est quam pharetra magna, ac consequat metus sapien ut nunc."
Orson,M,10807 Rutledge Terrace,62,Quisque porta volutpat erat.
Saudra,F,216 Sauthoff Place,78,Vestibulum ante ipsum primis in faucibus orci luctus et ultrices posuere cubilia Curae; Duis faucibus accumsan odio.
Bing,M,80 Homewood Pass,72,"Integer aliquet, massa id lobortis convallis, tortor risus dapibus augue, vel accumsan tellus nisi eu orci."
Deva,F,38684 Doe Crossing Trail,80,Aenean sit amet justo.
Dedra,F,8457 Blackbird Terrace,76,Suspendisse potenti.
Ingeberg,F,4 Valley Edge Court,79,Aliquam non mauris.
Aluin,M,7 Talisman Alley,68,"Lorem ipsum dolor sit amet, consectetuer adipiscing elit."
Rosalyn,F,66 Troy Pass,64,Etiam vel augue.
Kariotta,F,5 Merchant Terrace,72,Praesent lectus.
Leola,F,21 Talisman Pass,70,In hac habitasse platea dictumst.
Bernelle,F,36 Browning Place,76,"Fusce congue, diam id ornare imperdiet, sapien urna pretium nisl, ut volutpat sapien arcu sed augue."
Ernst,M,01 Spenser Way,72,Nulla suscipit ligula in lacus.
Henrik,M,5 Portage Alley,60,Nullam molestie nibh in lectus.
Florette,F,8 Farmco Hill,61,"Cum sociis natoque penatibus et magnis dis parturient montes, nascetur ridiculus mus."
Rania,F,91 Roth Road,74,Sed vel enim sit amet nunc viverra dapibus.
Clovis,F,69895 Monument Place,68,Nullam sit amet turpis elementum ligula vehicula consequat.
Kakalina,F,115 Dwight Street,66,Duis at velit eu est congue elementum.
Georgine,F,3 Miller Pass,70,Proin risus.
Charlean,F,9 Huxley Hill,71,Etiam justo.
Merl,F,0 Texas Trail,70,Vivamus vestibulum sagittis sapien.
Stephanie,F,31615 Harbort Drive,64,Etiam justo.
Ondrea,F,0246 Dwight Hill,79,Proin risus.
Kaia,F,26 Forest Avenue,74,"Donec diam neque, vestibulum eget, vulputate ut, ultrices vel, augue."
Geri,F,9766 Mayfield Avenue,78,Nulla ac enim.
Daniele,F,5431 Marquette Place,62,Curabitur in libero ut massa volutpat convallis.
Norbie,M,43 Little Fleur Crossing,74,Donec semper sapien a libero.
Elli,F,120 Carberry Avenue,73,"Nam ultrices, libero non mattis pulvinar, nulla pede ullamcorper augue, a suscipit nulla elit ac nulla."
Tildy,F,9 Bartelt Road,70,Pellentesque ultrices mattis odio.
Georgeanne,F,64 Anthes Drive,82,Nunc rhoncus dui vel sem.
Freeman,M,508 Raven Terrace,69,Maecenas rhoncus aliquam lacus.
Eileen,F,3 Maple Wood Place,68,Vestibulum ante ipsum primis in faucibus orci luctus et ultrices posuere cubilia Curae; Duis faucibus accumsan odio.
Inez,F,026 Menomonie Park,74,Suspendisse accumsan tortor quis turpis.
Pearl,F,786 Forest Place,68,"Nam congue, risus semper porta volutpat, quam pede lobortis ligula, sit amet eleifend pede libero quis orci."
Darnell,M,30036 Eagle Crest Lane,63,"Morbi vestibulum, velit id pretium iaculis, diam erat fermentum justo, nec condimentum neque sapien placerat ante."
Nannette,F,1 Rutledge Terrace,67,In hac habitasse platea dictumst.
Silvano,M,9236 Grover Street,73,Nulla justo.
Lucretia,F,3307 Delaware Road,66,"Morbi sem mauris, laoreet ut, rhoncus aliquet, pulvinar sed, nisl."
Justina,F,111 Meadow Valley Avenue,71,Quisque porta volutpat erat.
Iolanthe,F,680 Holy Cross Court,68,Etiam pretium iaculis justo.
Lula,F,10 Raven Crossing,68,Duis bibendum.
Willabella,F,11 Kennedy Park,76,Vivamus vel nulla eget eros elementum pellentesque.
Constancy,F,843 Lyons Center,75,Praesent id massa id nisl venenatis lacinia.
Trenton,M,0 Sunnyside Junction,72,Nulla nisl.
Saloma,F,1 Declaration Hill,67,Integer ac leo.
Analise,F,3069 Lunder Hill,61,Duis bibendum.
Clair,F,1 Brentwood Circle,64,"Proin leo odio, porttitor id, consequat in, consequat ut, nulla."
Pepillo,M,396 Raven Pass,66,Vestibulum ante ipsum primis in faucibus orci luctus et ultrices posuere cubilia Curae; Nulla dapibus dolor vel est.
Wheeler,M,6 Bunker Hill Junction,70,Nulla tellus.
Meggi,F,10029 Anthes Street,61,Nulla justo.
Haze,M,14 Susan Way,67,Praesent id massa id nisl venenatis lacinia.
Lil,F,04394 Lake View Park,73,"Donec diam neque, vestibulum eget, vulputate ut, ultrices vel, augue."
Selma,F,65 Ruskin Hill,62,Phasellus sit amet erat.
Gabriele,M,58 Clove Court,70,Ut at dolor quis odio consequat varius.
Shaylyn,F,48806 Vernon Terrace,68,"Maecenas leo odio, condimentum id, luctus nec, molestie sed, justo."
Fidole,M,143 Meadow Vale Street,72,"Integer aliquet, massa id lobortis convallis, tortor risus dapibus augue, vel accumsan tellus nisi eu orci."
Harcourt,M,5 Forster Drive,66,Phasellus in felis.
Hedi,F,27111 Carberry Court,69,Phasellus id sapien in sapien iaculis congue.
Ethel,F,4 Schiller Park,66,Nam nulla.
Madonna,F,9 Melby Drive,73,Mauris ullamcorper purus sit amet nulla.
Renate,F,5031 Bonner Point,71,Nulla facilisi.
Corny,M,82685 International Drive,76,Vivamus vel nulla eget eros elementum pellentesque.
Maximilianus,M,60773 Anderson Junction,73,Cras pellentesque volutpat dui.
Jania,F,2 Scofield Drive,70,Curabitur gravida nisi at nibh.
Ingaborg,F,35 Crest Line Junction,79,Morbi vel lectus in quam fringilla rhoncus.
Mandi,F,68085 Cardinal Terrace,66,Phasellus id sapien in sapien iaculis congue.
Bryon,M,822 Surrey Way,69,Nulla tempus.
Free,M,9954 Barnett Pass,69,"Maecenas tristique, est et tempus semper, est quam pharetra magna, ac consequat metus sapien ut nunc."
Kitti,F,771 Russell Circle,73,Nulla tempus.
Fionnula,F,05 Eastlawn Lane,69,"Vestibulum ante ipsum primis in faucibus orci luctus et ultrices posuere cubilia Curae; Donec pharetra, magna vestibulum aliquet ultrices, erat tortor sollicitudin mi, sit amet lobortis sapien sapien non mi."
Wilona,F,88 Kropf Lane,72,Etiam faucibus cursus urna.
Vic,M,41 Bayside Terrace,69,Duis aliquam convallis nunc.
Garrard,M,9231 Jenna Parkway,63,Aliquam quis turpis eget elit sodales scelerisque.
Venita,F,55 Darwin Road,79,In hac habitasse platea dictumst.
Mariana,F,4480 Fallview Park,69,Vestibulum ante ipsum primis in faucibus orci luctus et ultrices posuere cubilia Curae; Nulla dapibus dolor vel est.
Lotty,F,99 Eliot Street,69,Aenean fermentum.
Kristien,F,450 Farwell Avenue,63,Nam nulla.
Mersey,F,740 Redwing Junction,68,Integer tincidunt ante vel ipsum.
Keelby,M,4957 Continental Alley,69,In sagittis dui vel nisl.
Lorraine,F,26086 Arkansas Lane,63,Curabitur convallis.
Chelsie,F,51 Forster Place,69,Etiam faucibus cursus urna.
Frank,M,8472 Susan Plaza,83,Nulla tempus.
Ilysa,F,7570 Buena Vista Way,68,In blandit ultrices enim.
Cinnamon,F,9537 Roth Center,75,"Cum sociis natoque penatibus et magnis dis parturient montes, nascetur ridiculus mus."
Spencer,M,4594 Sage Hill,69,Nullam porttitor lacus at turpis.
Antonina,F,00522 Clemons Crossing,62,Aenean auctor gravida sem.
Perri,F,30408 Badeau Pass,69,In hac habitasse platea dictumst.
Balduin,M,37307 Pearson Alley,66,Vivamus in felis eu sapien cursus vestibulum.
Tracey,F,59057 Mariners Cove Street,66,Donec dapibus.
Dannie,M,5 Rockefeller Way,77,Nullam porttitor lacus at turpis.
Hortensia,F,48 Prairie Rose Parkway,74,In hac habitasse platea dictumst.
Tessa,F,5 Gulseth Center,65,Maecenas tincidunt lacus at velit.
Deena,F,7 Mallard Lane,70,Fusce posuere felis sed lacus.
Libbey,F,6 Kenwood Terrace,64,Integer ac leo.
Brit,F,43 Carioca Alley,66,Ut tellus.
Ezmeralda,F,890 Mifflin Drive,75,"Vestibulum ante ipsum primis in faucibus orci luctus et ultrices posuere cubilia Curae; Donec pharetra, magna vestibulum aliquet ultrices, erat tortor sollicitudin mi, sit amet lobortis sapien sapien non mi."
Bernadina,F,6935 Randy Crossing,64,"Morbi sem mauris, laoreet ut, rhoncus aliquet, pulvinar sed, nisl."
Gnni,F,8 Merchant Way,69,Quisque id justo sit amet sapien dignissim vestibulum.
Hillyer,M,5385 Marquette Junction,68,Aenean lectus.
Lanny,F,419 Main Center,69,Donec posuere metus vitae ipsum.
Jerad,M,01 Monterey Hill,63,Donec vitae nisi.
Hugh,M,1206 Del Sol Hill,63,"Lorem ipsum dolor sit amet, consectetuer adipiscing elit."
Ingeberg,F,47204 Tennyson Terrace,65,Proin eu mi.
Agnella,F,24958 Lien Drive,68,Maecenas tincidunt lacus at velit.
Vivian,F,223 Tennessee Drive,77,"Cum sociis natoque penatibus et magnis dis parturient montes, nascetur ridiculus mus."
Lonny,M,0643 Marcy Drive,74,Nunc purus.
Tyler,M,1 Cascade Court,67,Aenean auctor gravida sem.
Liz,F,79854 Vermont Plaza,71,Pellentesque ultrices mattis odio.
Micheline,F,1176 Alpine Junction,70,Praesent blandit lacinia erat.
Willey,M,20 Sloan Center,61,Nunc nisl.
Janna,F,63106 Farragut Way,79,Mauris sit amet eros.
Thorstein,M,85 Utah Avenue,77,Nulla nisl.
Olly,F,9 Beilfuss Way,67,Pellentesque ultrices mattis odio.
Minnie,F,2 Talmadge Center,67,In blandit ultrices enim.
Katusha,F,3 Gateway Drive,64,Donec ut dolor.
Levin,M,1348 Kipling Circle,69,Phasellus id sapien in sapien iaculis congue.
Yuri,M,5173 Butternut Plaza,68,Nullam sit amet turpis elementum ligula vehicula consequat.
Inness,M,4 Oneill Hill,76,Etiam vel augue.
Merill,M,7 Brown Court,73,In hac habitasse platea dictumst.
Hobart,M,8790 Sullivan Street,68,Morbi non quam nec dui luctus rutrum.
Michaella,F,64 Morrow Junction,78,Nulla tempus.
Perla,F,3313 Morning Avenue,67,Morbi ut odio.
Garrard,M,594 Golf Course Avenue,69,Suspendisse potenti.
Hartley,M,1 Iowa Hill,77,"Vestibulum ante ipsum primis in faucibus orci luctus et ultrices posuere cubilia Curae; Donec pharetra, magna vestibulum aliquet ultrices, erat tortor sollicitudin mi, sit amet lobortis sapien sapien non mi."
Lian,F,64 Westridge Terrace,65,Etiam pretium iaculis justo.
Cinnamon,F,9538 Charing Cross Hill,76,Morbi non lectus.
Reginald,M,4712 Kinsman Lane,76,Cras in purus eu magna vulputate luctus.
Willie,M,511 Haas Alley,69,Suspendisse potenti.
Haskel,M,2266 Sutherland Alley,68,Praesent id massa id nisl venenatis lacinia.
Daisey,F,1 Iowa Plaza,71,"Donec odio justo, sollicitudin ut, suscipit a, feugiat et, eros."
Stefano,M,19 Sullivan Alley,76,Duis mattis egestas metus.
Tiffi,F,7 Emmet Center,73,"In est risus, auctor sed, tristique in, tempus sit amet, sem."
Ethelred,M,0 Columbus Road,67,Integer a nibh.
Mathian,M,5776 Mockingbird Avenue,72,Donec quis orci eget orci vehicula condimentum.
Delphinia,F,9548 Trailsway Road,62,Nunc rhoncus dui vel sem.
Trace,M,9410 Lien Parkway,73,"Fusce lacus purus, aliquet at, feugiat non, pretium quis, lectus."
Alexandra,F,443 Almo Circle,67,Vestibulum ac est lacinia nisi venenatis tristique.
Bari,F,5 Swallow Park,68,Vivamus tortor.
Dione,F,238 Hermina Trail,68,"Lorem ipsum dolor sit amet, consectetuer adipiscing elit."
Rodolfo,M,39 West Place,66,Sed ante.
Zebadiah,M,0 Truax Alley,77,Fusce consequat.
Horatius,M,92 David Street,79,Morbi non lectus.
Bastien,M,48722 Lillian Trail,68,Duis mattis egestas metus.
Chris,M,7 Talisman Way,71,"Donec odio justo, sollicitudin ut, suscipit a, feugiat et, eros."
George,M,103 South Place,65,Vestibulum ante ipsum primis in faucibus orci luctus et ultrices posuere cubilia Curae; Mauris viverra diam vitae quam.
Sioux,F,9648 Montana Trail,65,Cras non velit nec nisi vulputate nonummy.
Meredithe,F,280 Prairie Rose Way,74,Nullam porttitor lacus at turpis.
Rochelle,F,5378 Lawn Road,80,Nulla ut erat id mauris vulputate elementum.
Austin,M,24981 Hoepker Alley,57,Duis aliquam convallis nunc.
Melantha,F,8 Bashford Lane,72,Nulla facilisi.
Eolande,F,66108 Forest Dale Road,70,Vestibulum ante ipsum primis in faucibus orci luctus et ultrices posuere cubilia Curae; Duis faucibus accumsan odio.
Barty,M,51 Forest Pass,75,Duis aliquam convallis nunc.
Gannie,M,7 Algoma Trail,71,In sagittis dui vel nisl.
Jean,M,1193 Clove Parkway,70,Proin interdum mauris non ligula pellentesque ultrices.
Aurthur,M,66 4th Crossing,61,Aenean fermentum.
Lothaire,M,52827 Red Cloud Terrace,66,Donec ut dolor.
Sonny,M,322 Starling Center,78,"Lorem ipsum dolor sit amet, consectetuer adipiscing elit."
Fawnia,F,543 Northridge Road,67,In quis justo.
Binni,F,666 Anthes Plaza,75,Vestibulum rutrum rutrum neque.
Kincaid,M,596 Basil Way,70,"Nam congue, risus semper porta volutpat, quam pede lobortis ligula, sit amet eleifend pede libero quis orci."
Hillyer,M,7 Sommers Center,71,Suspendisse accumsan tortor quis turpis.
Erv,M,48 Kropf Center,68,In congue.
Michelina,F,617 Sage Circle,69,Morbi non lectus.
Helli,F,52518 6th Way,76,Vivamus vel nulla eget eros elementum pellentesque.
Melvin,M,10900 Spohn Point,66,Aenean sit amet justo.
Trstram,M,3 Mitchell Crossing,62,Proin at turpis a pede posuere nonummy.
Leicester,M,00 Ridgeway Point,75,Nam tristique tortor eu pede.
Turner,M,880 Fair Oaks Crossing,64,Nunc rhoncus dui vel sem.
Boot,M,5 Victoria Park,72,Aenean fermentum.
Grannie,M,878 Stephen Junction,74,Donec quis orci eget orci vehicula condimentum.
Morie,M,42137 Lotheville Road,70,Phasellus sit amet erat.
Zaria,F,63 Heffernan Court,75,Integer ac neque.
Gearalt,M,70 Lawn Hill,68,"Cum sociis natoque penatibus et magnis dis parturient montes, nascetur ridiculus mus."
Celina,F,81 Butterfield Parkway,78,Sed ante.
Kynthia,F,59499 Dwight Way,68,Quisque id justo sit amet sapien dignissim vestibulum.
Booth,M,94635 Lakeland Drive,64,Mauris lacinia sapien quis libero.
Gilbert,M,9985 Hintze Avenue,71,Aliquam non mauris.
Sandra,F,3608 Dexter Court,69,"Cum sociis natoque penatibus et magnis dis parturient montes, nascetur ridiculus mus."
Beverly,F,0 Vahlen Road,72,"Donec diam neque, vestibulum eget, vulputate ut, ultrices vel, augue."
Wendie,F,28826 Katie Plaza,69,Sed vel enim sit amet nunc viverra dapibus.
Fidel,M,791 Ilene Lane,74,Aenean fermentum.
Hillary,F,88 Gerald Pass,76,"Nullam orci pede, venenatis non, sodales sed, tincidunt eu, felis."
Lucias,M,738 Lillian Plaza,67,Phasellus sit amet erat.
Antoine,M,90698 Village Pass,72,Etiam vel augue.
Nevil,M,1 Daystar Road,72,Sed sagittis.
Austin,F,26682 Mccormick Point,77,Morbi non lectus.
Robby,F,1445 Laurel Place,70,"Vestibulum ante ipsum primis in faucibus orci luctus et ultrices posuere cubilia Curae; Donec pharetra, magna vestibulum aliquet ultrices, erat tortor sollicitudin mi, sit amet lobortis sapien sapien non mi."
Kate,F,78658 Gina Center,75,"In tempor, turpis nec euismod scelerisque, quam turpis adipiscing lorem, vitae mattis nibh ligula nec sem."
Massimo,M,74297 Jana Place,67,Proin at turpis a pede posuere nonummy.
Jonathon,M,59348 Spenser Way,68,Donec ut mauris eget massa tempor convallis.
Wyndham,M,47 Sherman Alley,66,"In tempor, turpis nec euismod scelerisque, quam turpis adipiscing lorem, vitae mattis nibh ligula nec sem."
Rinaldo,M,8 Columbus Street,65,Proin at turpis a pede posuere nonummy.
Towney,M,87 Glendale Plaza,74,Duis consequat dui nec nisi volutpat eleifend.
Shelden,M,3217 Lakewood Gardens Junction,76,Cras pellentesque volutpat dui.
Tabbatha,F,32210 Red Cloud Circle,63,Nulla tellus.
Doug,M,9796 Forest Dale Plaza,76,Morbi non lectus.
Dion,M,4 Bellgrove Hill,73,Etiam justo.
Lina,F,8 Becker Place,72,Suspendisse potenti.
Corry,F,6511 Lakewood Drive,69,In eleifend quam a odio.
Lorant,M,69 Dorton Trail,75,Maecenas tincidunt lacus at velit.
Amaleta,F,1111 Manufacturers Street,68,Aliquam erat volutpat.
Lorenzo,M,2 Gulseth Plaza,71,Nunc rhoncus dui vel sem.
Brendan,M,8562 West Court,69,Nunc nisl.
Rab,M,7 Schmedeman Point,67,Integer tincidunt ante vel ipsum.
Peirce,M,0169 Mayfield Drive,64,"Duis bibendum, felis sed interdum venenatis, turpis enim blandit mi, in porttitor pede justo eu massa."
Ferdy,M,4 Old Gate Alley,71,Nullam molestie nibh in lectus.
Law,M,963 Quincy Street,70,Nulla tellus.
Odo,M,2944 Roxbury Hill,68,Nullam sit amet turpis elementum ligula vehicula consequat.
Blayne,M,26 Cordelia Trail,74,Duis bibendum.
Raquel,F,1559 Johnson Drive,71,Phasellus id sapien in sapien iaculis congue.
Dag,M,1 Pankratz Street,69,Etiam vel augue.
Rich,M,78553 Coolidge Trail,70,Curabitur gravida nisi at nibh.
Kala,F,50 Green Ridge Alley,67,"Lorem ipsum dolor sit amet, consectetuer adipiscing elit."
Garry,M,5605 Montana Center,73,Curabitur convallis.
Hernando,M,3791 Westport Way,72,Duis consequat dui nec nisi volutpat eleifend.
Luther,M,6094 Debra Alley,80,Duis mattis egestas metus.
Bailie,M,922 Merrick Road,67,Suspendisse potenti.
Noel,F,8 Schiller Lane,66,Maecenas ut massa quis augue luctus tincidunt.
Rodolphe,M,657 Starling Court,69,In hac habitasse platea dictumst.
Ford,M,5 Forster Avenue,73,Proin eu mi.
Harry,M,2 Westridge Avenue,65,"Donec diam neque, vestibulum eget, vulputate ut, ultrices vel, augue."
Cheryl,F,12 Roth Hill,70,Vivamus tortor.
Nita,F,54430 Mccormick Crossing,75,Praesent blandit.
Auguste,F,74 Arapahoe Street,81,Vivamus in felis eu sapien cursus vestibulum.
Seline,F,4 Comanche Terrace,77,Sed sagittis.
Bret,M,31695 Longview Center,73,"Aliquam augue quam, sollicitudin vitae, consectetuer eget, rutrum at, lorem."
Nero,M,08 Springs Crossing,59,Sed ante.
Arther,M,10 Ryan Point,63,Nullam molestie nibh in lectus.
Olivia,F,930 Logan Pass,71,Proin eu mi.
Farand,F,53 Express Trail,56,Quisque id justo sit amet sapien dignissim vestibulum.
Reggi,F,755 Acker Crossing,64,Curabitur convallis.
Lindi,F,26577 Eastwood Drive,64,Aenean fermentum.
Madelena,F,74 2nd Crossing,69,Suspendisse potenti.
Burnard,M,5 Elmside Hill,69,Etiam pretium iaculis justo.
Tony,F,01973 Arapahoe Road,72,Aliquam non mauris.
Rick,M,44 Ramsey Center,67,"Fusce lacus purus, aliquet at, feugiat non, pretium quis, lectus."
Dodie,F,61495 Katie Avenue,69,Pellentesque eget nunc.
Brooks,F,9479 Jackson Point,70,"Quisque erat eros, viverra eget, congue eget, semper rutrum, nulla."
Clerkclaude,M,65 Mosinee Street,74,"Aliquam augue quam, sollicitudin vitae, consectetuer eget, rutrum at, lorem."
Eada,F,63941 Farwell Junction,68,Etiam faucibus cursus urna.
Charmane,F,3 Corben Street,71,Vivamus vestibulum sagittis sapien.
Sheridan,M,49 Sunnyside Terrace,87,Cras in purus eu magna vulputate luctus.
Benito,M,10 Delladonna Drive,63,"Fusce lacus purus, aliquet at, feugiat non, pretium quis, lectus."
Bald,M,3 Basil Park,74,Nulla tempus.
Roslyn,F,49350 Clove Road,64,Proin eu mi.
Alden,M,8 Waubesa Junction,71,Morbi ut odio.
Star,F,3648 Arapahoe Hill,71,"Proin leo odio, porttitor id, consequat in, consequat ut, nulla."
Ritchie,M,3 Maple Wood Plaza,68,Suspendisse accumsan tortor quis turpis.
Pavel,M,74 Sugar Hill,65,"Lorem ipsum dolor sit amet, consectetuer adipiscing elit."
Querida,F,5 Vahlen Junction,79,"Fusce congue, diam id ornare imperdiet, sapien urna pretium nisl, ut volutpat sapien arcu sed augue."
Desiri,F,49 Oxford Court,60,Curabitur in libero ut massa volutpat convallis.
Julianna,F,73971 High Crossing Street,69,Cras in purus eu magna vulputate luctus.
Bartolomeo,M,6807 Pierstorff Point,73,Donec dapibus.
Melosa,F,8106 Rutledge Circle,69,In eleifend quam a odio.
Alta,F,342 Donald Plaza,67,Etiam faucibus cursus urna.
Garner,M,5 Lien Trail,77,"Quisque erat eros, viverra eget, congue eget, semper rutrum, nulla."
Reynolds,M,676 Victoria Avenue,74,Duis consequat dui nec nisi volutpat eleifend.
Matteo,M,12667 Dayton Avenue,79,Mauris ullamcorper purus sit amet nulla.
Domeniga,F,5 Manley Way,78,"Donec odio justo, sollicitudin ut, suscipit a, feugiat et, eros."
Chevy,M,1 South Alley,79,Pellentesque eget nunc.
Steven,M,23934 Kedzie Alley,76,"Morbi odio odio, elementum eu, interdum eu, tincidunt in, leo."
Agnesse,F,9 Transport Alley,79,Curabitur convallis.
Haven,M,7711 Bluejay Point,75,Curabitur convallis.
Evania,F,56542 Meadow Valley Center,68,Morbi quis tortor id nulla ultrices aliquet.
Renard,M,9308 Pawling Plaza,65,Vivamus in felis eu sapien cursus vestibulum.
Averil,M,2 Shoshone Alley,64,"Maecenas leo odio, condimentum id, luctus nec, molestie sed, justo."
Stephenie,F,59 Eastwood Road,74,Phasellus sit amet erat.
Meade,F,41362 Browning Terrace,63,Vivamus tortor.
Parke,M,5 Arrowood Place,67,"Morbi vestibulum, velit id pretium iaculis, diam erat fermentum justo, nec condimentum neque sapien placerat ante."
Stearn,M,4164 Debra Way,62,"Integer aliquet, massa id lobortis convallis, tortor risus dapibus augue, vel accumsan tellus nisi eu orci."
Tobie,M,718 Old Shore Circle,73,Nunc rhoncus dui vel sem.
Zach,M,10798 Heffernan Road,70,Mauris sit amet eros.
Pet,F,34 Bartillon Circle,67,"Donec diam neque, vestibulum eget, vulputate ut, ultrices vel, augue."
Ina,F,4304 Jana Center,70,Maecenas pulvinar lobortis est.
Jay,M,21 Grover Terrace,70,Nunc nisl.
Carmon,F,654 Hooker Center,76,Aenean fermentum.
Lenna,F,419 Superior Crossing,65,Quisque id justo sit amet sapien dignissim vestibulum.
Carmel,F,9573 Division Road,74,Etiam faucibus cursus urna.
Dody,F,82 Rusk Street,72,Curabitur gravida nisi at nibh.
Minna,F,27 Fremont Street,72,In hac habitasse platea dictumst.
Dollie,F,32 Old Shore Lane,72,Morbi non quam nec dui luctus rutrum.
Sanderson,M,41679 Cambridge Circle,71,Suspendisse accumsan tortor quis turpis.
Lammond,M,878 Logan Trail,62,Nulla nisl.
Nessa,F,34542 Coolidge Avenue,65,Vivamus in felis eu sapien cursus vestibulum.
Perren,M,20 Sachtjen Parkway,74,Vivamus vestibulum sagittis sapien.
Conney,M,796 Lukken Trail,69,Suspendisse potenti.
Evin,M,18086 Superior Place,68,Nam dui.
Jemimah,F,4 Carey Drive,78,Fusce consequat.
Conny,F,75748 Union Court,71,Cras pellentesque volutpat dui.
Mahmoud,M,2069 Rusk Terrace,70,Quisque porta volutpat erat.
Haslett,M,4445 Memorial Plaza,73,Proin risus.
Curran,M,464 Susan Circle,78,Mauris lacinia sapien quis libero.
Orv,M,7057 Continental Street,73,In hac habitasse platea dictumst.
Jud,M,4 Twin Pines Hill,79,Vestibulum rutrum rutrum neque.
Fields,M,07 Emmet Park,71,Morbi non quam nec dui luctus rutrum.
Jana,F,08086 Stone Corner Terrace,70,Duis mattis egestas metus.
Christan,F,4 Shopko Crossing,63,Mauris sit amet eros.
Dudley,M,76 Harbort Trail,72,Integer tincidunt ante vel ipsum.
Corabelle,F,825 Tony Drive,67,"Cum sociis natoque penatibus et magnis dis parturient montes, nascetur ridiculus mus."
Roda,F,484 Mccormick Point,70,Nunc nisl.
Alaine,F,95481 Caliangt Avenue,62,"Integer pede justo, lacinia eget, tincidunt eget, tempus vel, pede."
Clarie,F,141 Lighthouse Bay Avenue,71,Donec dapibus.
Roda,F,22 Melby Street,82,Ut at dolor quis odio consequat varius.
Fayina,F,279 5th Park,68,Integer ac leo.
Michele,M,668 Eagle Crest Alley,74,Cras in purus eu magna vulputate luctus.
Alonzo,M,04 Starling Junction,66,Morbi non quam nec dui luctus rutrum.
Ginger,F,5633 Garrison Hill,79,Curabitur in libero ut massa volutpat convallis.
Magdalena,F,3309 Debs Avenue,57,Proin eu mi.
Ethe,M,5636 Bartelt Drive,66,Integer ac leo.
Claire,M,8864 Dakota Plaza,69,Proin eu mi.
Cissiee,F,772 Hauk Way,62,Donec ut dolor.
Gabriela,F,510 International Point,68,Duis consequat dui nec nisi volutpat eleifend.
Shane,M,61112 Blackbird Terrace,67,Phasellus in felis.
Garrik,M,82 Donald Point,65,In sagittis dui vel nisl.
Dani,M,514 Rowland Hill,67,Etiam vel augue.
Lindy,F,1 Fremont Street,77,"Donec odio justo, sollicitudin ut, suscipit a, feugiat et, eros."
Morton,M,109 Maywood Plaza,75,Phasellus id sapien in sapien iaculis congue.
Romona,F,47050 Memorial Crossing,76,"Fusce congue, diam id ornare imperdiet, sapien urna pretium nisl, ut volutpat sapien arcu sed augue."
Fidel,M,743 Huxley Pass,79,Nam nulla.
Tori,F,23 Burning Wood Circle,64,Nunc purus.
Udale,M,9 Bobwhite Alley,70,Integer tincidunt ante vel ipsum.
Henderson,M,1 Springview Center,67,Phasellus in felis.
Woodman,M,10 Crest Line Trail,62,Phasellus in felis.
Tybi,F,05768 Bellgrove Plaza,75,Suspendisse ornare consequat lectus.
Halette,F,3484 Bowman Drive,61,Nam dui.
Petunia,F,7473 Canary Junction,65,Nunc rhoncus dui vel sem.
Geno,M,1 Northport Terrace,66,Pellentesque ultrices mattis odio.
Bobbi,F,185 Jana Alley,71,Sed vel enim sit amet nunc viverra dapibus.
Kania,F,02 Dapin Pass,67,Quisque id justo sit amet sapien dignissim vestibulum.
Georgi,M,3 Randy Junction,61,Morbi quis tortor id nulla ultrices aliquet.
Gerianna,F,141 Longview Center,65,"Donec odio justo, sollicitudin ut, suscipit a, feugiat et, eros."
